instant_utc,hauteur_cm
2026-10-01T00:00:00Z,52.3
2026-10-01T00:10:00Z,52.5
2026-10-01T00:20:00Z,52.5
2026-10-01T00:30:00Z,52.5
2026-10-01T00:40:00Z,52.5
2026-10-01T00:50:00Z,52.4
2026-10-01T01:00:00Z,52.5
2026-10-01T01:10:00Z,52.5
2026-10-01T01:20:00Z,52.3
2026-10-01T01:30:00Z,52.3
2026-10-01T01:40:00Z,52.5
2026-10-01T01:50:00Z,52.5
2026-10-01T02:00:00Z,52.5
2026-10-01T02:10:00Z,52.5
2026-10-01T02:20:00Z,52.5
2026-10-01T02:30:00Z,52.5
2026-10-01T02:40:00Z,52.5
2026-10-01T02:50:00Z,52.5
2026-10-01T03:00:00Z,52.5
2026-10-01T03:10:00Z,52.5
2026-10-01T03:20:00Z,52.5
2026-10-01T03:30:00Z,52.5
2026-10-01T03:40:00Z,52.5
2026-10-01T03:50:00Z,52.5
2026-10-01T04:00:00Z,52.5
2026-10-01T04:10:00Z,52.5
2026-10-01T04:20:00Z,52.5
2026-10-01T04:30:00Z,52.5
2026-10-01T04:40:00Z,52.5
2026-10-01T04:50:00Z,52.5
2026-10-01T05:00:00Z,52.6
2026-10-01T05:10:00Z,52.5
2026-10-01T05:20:00Z,52.5
2026-10-01T05:30:00Z,52.6
2026-10-01T05:40:00Z,52.6
2026-10-01T05:50:00Z,52.6
2026-10-01T06:00:00Z,52.6
