instant_utc,debit_m3s
2026-08-09T11:03:20Z,0.06
2026-08-09T11:16:40Z,0.06
2026-08-09T11:46:40Z,0.06
2026-08-09T12:13:20Z,0.059
2026-08-09T12:50:00Z,0.058
2026-08-09T13:13:20Z,0.056
2026-08-09T13:36:40Z,0.052
2026-08-09T13:50:00Z,0.051
2026-08-09T14:03:20Z,0.051
2026-08-09T14:20:00Z,0.054
2026-08-09T14:36:40Z,0.054
2026-08-09T14:50:00Z,0.052
2026-08-09T15:03:20Z,0.053
2026-08-09T15:16:40Z,0.052
2026-08-09T15:33:20Z,0.053
2026-08-09T15:46:40Z,0.052
2026-08-09T16:00:00Z,0.053
2026-08-09T16:10:00Z,0.051
2026-08-09T16:20:00Z,0.053
2026-08-09T16:40:00Z,0.051
2026-08-09T17:00:00Z,0.052
2026-08-09T17:20:00Z,0.048
2026-08-09T17:30:00Z,0.049
2026-08-09T17:50:00Z,0.049
2026-08-09T18:10:00Z,0.051
2026-08-09T18:30:00Z,0.051
2026-08-09T18:56:40Z,0.05
2026-08-09T19:23:20Z,0.051
2026-08-09T19:53:20Z,0.05
2026-08-09T20:13:20Z,0.051
2026-08-09T20:36:40Z,0.049
2026-08-09T21:00:00Z,0.049
2026-08-09T21:16:40Z,0.048
2026-08-09T21:36:40Z,0.048
2026-08-09T22:13:20Z,0.049
2026-08-09T23:43:20Z,0.048
2026-08-10T01:10:00Z,0.05
2026-08-10T02:16:40Z,0.05
2026-08-10T02:30:00Z,0.051
2026-08-10T02:43:20Z,0.05
2026-08-10T03:13:20Z,0.049
2026-08-10T03:46:40Z,0.048
2026-08-10T04:20:00Z,0.048
2026-08-10T04:36:40Z,0.049
2026-08-10T04:50:00Z,0.048
2026-08-10T05:13:20Z,0.048
2026-08-10T05:36:40Z,0.048
2026-08-10T06:00:00Z,0.048
2026-08-10T06:10:00Z,0.049
2026-08-10T06:30:00Z,0.048
2026-08-10T07:00:00Z,0.05
2026-08-10T07:33:20Z,0.049
2026-08-10T08:16:40Z,0.049
2026-08-10T08:53:20Z,0.049
2026-08-10T09:26:40Z,0.05
2026-08-10T09:43:20Z,0.051
2026-08-10T10:06:40Z,0.05
2026-08-10T10:33:20Z,0.05
2026-08-10T10:56:40Z,0.048
2026-08-10T11:10:00Z,0.048
2026-08-10T11:26:40Z,0.048
2026-08-10T11:56:40Z,0.048
2026-08-10T12:26:40Z,0.048
2026-08-10T12:56:40Z,0.046
2026-08-10T13:13:20Z,0.048
2026-08-10T13:40:00Z,0.048
2026-08-10T14:06:40Z,0.046
2026-08-10T14:33:20Z,0.046
2026-08-10T15:00:00Z,0.047
2026-08-10T15:23:20Z,0.046
2026-08-10T16:20:00Z,0.047
2026-08-10T18:56:40Z,0.046
2026-08-10T20:50:00Z,0.047
2026-08-10T21:40:00Z,0.046
2026-08-10T22:33:20Z,0.047
2026-08-11T00:23:20Z,0.046
2026-08-11T01:56:40Z,0.047
2026-08-11T02:40:00Z,0.046
2026-08-11T03:00:00Z,0.046
2026-08-11T03:20:00Z,0.046
2026-08-11T03:40:00Z,0.046
2026-08-11T03:53:20Z,0.047
2026-08-11T04:06:40Z,0.046
2026-08-11T04:46:40Z,0.046
2026-08-11T05:30:00Z,0.047
2026-08-11T06:16:40Z,0.047
2026-08-11T06:40:00Z,0.049
2026-08-11T06:56:40Z,0.047
2026-08-11T07:13:20Z,0.048
2026-08-11T08:00:00Z,0.048
2026-08-11T08:46:40Z,0.048
2026-08-11T09:40:00Z,0.048
2026-08-11T10:23:20Z,0.046
2026-08-11T11:13:20Z,0.048
2026-08-11T13:10:00Z,0.049
2026-08-11T13:40:00Z,0.05
2026-08-11T14:43:20Z,0.05
2026-08-11T15:50:00Z,0.05
2026-08-11T16:53:20Z,0.05
2026-08-11T17:26:40Z,0.05
2026-08-11T18:00:00Z,0.05
2026-08-11T18:33:20Z,0.05
2026-08-11T19:26:40Z,0.049
2026-08-11T21:13:20Z,0.048
2026-08-11T23:00:00Z,0.048
2026-08-12T00:36:40Z,0.048
2026-08-12T01:36:40Z,0.049
2026-08-12T02:36:40Z,0.048
2026-08-12T03:10:00Z,0.049
2026-08-12T03:20:00Z,0.048
2026-08-12T03:36:40Z,0.048
2026-08-12T04:03:20Z,0.048
2026-08-12T04:46:40Z,0.049
2026-08-12T05:23:20Z,0.05
2026-08-12T05:53:20Z,0.049
2026-08-12T06:13:20Z,0.05
2026-08-12T06:36:40Z,0.049
2026-08-12T06:56:40Z,0.051
2026-08-12T07:26:40Z,0.05
2026-08-12T07:53:20Z,0.051
2026-08-12T08:20:00Z,0.05
2026-08-12T08:43:20Z,0.051
2026-08-12T09:23:20Z,0.05
2026-08-12T10:03:20Z,0.051
2026-08-12T10:33:20Z,0.05
2026-08-12T10:53:20Z,0.051
2026-08-12T11:16:40Z,0.05
2026-08-12T11:40:00Z,0.051
2026-08-12T12:06:40Z,0.051
2026-08-12T12:30:00Z,0.051
2026-08-12T12:56:40Z,0.051
2026-08-12T13:13:20Z,0.05
2026-08-12T13:56:40Z,0.051
2026-08-12T14:33:20Z,0.05
2026-08-12T15:13:20Z,0.05
2026-08-12T15:43:20Z,0.05
2026-08-12T16:13:20Z,0.05
2026-08-12T16:40:00Z,0.051
2026-08-12T16:50:00Z,0.05
2026-08-12T17:06:40Z,0.05
2026-08-12T17:23:20Z,0.05
2026-08-12T17:40:00Z,0.05
2026-08-12T17:50:00Z,0.049
2026-08-12T18:16:40Z,0.048
2026-08-12T18:43:20Z,0.05
2026-08-12T19:10:00Z,0.05
2026-08-12T19:46:40Z,0.051
2026-08-12T20:23:20Z,0.049
2026-08-12T21:00:00Z,0.05
2026-08-12T21:16:40Z,0.049
2026-08-12T22:06:40Z,0.049
2026-08-12T23:06:40Z,0.047
2026-08-13T00:00:00Z,0.047
2026-08-13T00:40:00Z,0.047
2026-08-13T01:43:20Z,0.048
2026-08-13T02:20:00Z,0.047
2026-08-13T02:46:40Z,0.048
2026-08-13T02:50:00Z,0.048
2026-08-13T04:03:20Z,0.047
2026-08-13T04:50:00Z,0.048
2026-08-13T05:10:00Z,0.046
2026-08-13T05:50:00Z,0.049
2026-08-13T06:20:00Z,0.047
2026-08-13T06:26:40Z,0.047
2026-08-13T07:50:00Z,0.049
2026-08-13T08:20:00Z,0.048
2026-08-13T08:30:00Z,0.049
2026-08-13T08:40:00Z,0.05
2026-08-13T08:50:00Z,0.049
2026-08-13T09:00:00Z,0.05
2026-08-13T09:10:00Z,0.049
2026-08-13T09:20:00Z,0.048
2026-08-13T09:30:00Z,0.049
2026-08-13T09:40:00Z,0.049
2026-08-13T09:50:00Z,0.053
2026-08-13T10:00:00Z,0.052
2026-08-13T10:10:00Z,0.049
2026-08-13T10:20:00Z,0.052
2026-08-13T10:30:00Z,0.052
2026-08-13T10:40:00Z,0.052
2026-08-13T10:50:00Z,0.053
2026-08-13T11:00:00Z,0.053
2026-08-13T11:10:00Z,0.049
2026-08-13T11:20:00Z,0.052
2026-08-13T11:30:00Z,0.048
2026-08-13T11:40:00Z,0.049
2026-08-13T11:50:00Z,0.048
2026-08-13T12:00:00Z,0.048
2026-08-13T12:10:00Z,0.049
2026-08-13T12:20:00Z,0.052
2026-08-13T12:30:00Z,0.048
2026-08-13T12:40:00Z,0.05
2026-08-13T12:50:00Z,0.05
2026-08-13T13:00:00Z,0.049
2026-08-13T13:10:00Z,0.049
2026-08-13T13:20:00Z,0.05
2026-08-13T13:30:00Z,0.048
2026-08-13T13:40:00Z,0.052
2026-08-13T13:50:00Z,0.049
2026-08-13T14:00:00Z,0.05
2026-08-13T14:10:00Z,0.049
2026-08-13T14:20:00Z,0.05
2026-08-13T14:30:00Z,0.049
2026-08-13T14:40:00Z,0.05
2026-08-13T14:50:00Z,0.05
2026-08-13T15:00:00Z,0.049
2026-08-13T15:10:00Z,0.05
2026-08-13T15:20:00Z,0.05
2026-08-13T15:30:00Z,0.049
2026-08-13T15:40:00Z,0.049
2026-08-13T15:50:00Z,0.049
2026-08-13T16:00:00Z,0.049
2026-08-13T16:10:00Z,0.05
2026-08-13T16:20:00Z,0.049
2026-08-13T16:30:00Z,0.049
2026-08-13T16:40:00Z,0.048
2026-08-13T16:50:00Z,0.048
2026-08-13T17:00:00Z,0.049
2026-08-13T17:10:00Z,0.048
2026-08-13T17:20:00Z,0.048
2026-08-13T17:30:00Z,0.049
2026-08-13T17:40:00Z,0.049
2026-08-13T17:50:00Z,0.048
2026-08-13T18:00:00Z,0.046
2026-08-13T18:20:00Z,0.048
2026-08-13T18:30:00Z,0.048
2026-08-13T18:40:00Z,0.046
2026-08-13T18:50:00Z,0.049
2026-08-13T19:00:00Z,0.048
2026-08-13T19:10:00Z,0.052
2026-08-13T19:20:00Z,0.048
2026-08-13T19:30:00Z,0.049
2026-08-13T19:40:00Z,0.049
2026-08-13T19:50:00Z,0.048
2026-08-13T20:00:00Z,0.049
2026-08-13T20:10:00Z,0.047
2026-08-13T20:20:00Z,0.049
2026-08-13T20:30:00Z,0.047
2026-08-13T20:40:00Z,0.049
2026-08-13T20:50:00Z,0.049
2026-08-13T21:00:00Z,0.049
2026-08-13T21:10:00Z,0.049
2026-08-13T21:20:00Z,0.047
2026-08-13T21:30:00Z,0.047
2026-08-13T21:40:00Z,0.049
2026-08-13T21:50:00Z,0.049
2026-08-13T22:00:00Z,0.047
2026-08-13T22:10:00Z,0.047
2026-08-13T22:20:00Z,0.047
2026-08-13T22:30:00Z,0.049
2026-08-13T22:40:00Z,0.048
2026-08-13T22:50:00Z,0.047
2026-08-13T23:00:00Z,0.047
2026-08-13T23:10:00Z,0.047
2026-08-13T23:20:00Z,0.049
2026-08-13T23:30:00Z,0.049
2026-08-13T23:40:00Z,0.047
2026-08-13T23:50:00Z,0.047
2026-08-14T00:00:00Z,0.047
2026-08-14T00:10:00Z,0.049
2026-08-14T00:20:00Z,0.049
2026-08-14T00:30:00Z,0.049
2026-08-14T00:40:00Z,0.049
2026-08-14T00:50:00Z,0.049
2026-08-14T01:00:00Z,0.047
2026-08-14T01:10:00Z,0.047
2026-08-14T01:20:00Z,0.05
2026-08-14T01:30:00Z,0.048
2026-08-14T01:40:00Z,0.047
2026-08-14T01:50:00Z,0.047
2026-08-14T02:00:00Z,0.047
2026-08-14T02:10:00Z,0.048
2026-08-14T02:20:00Z,0.047
2026-08-14T02:40:00Z,0.047
2026-08-14T03:00:00Z,0.047
2026-08-14T03:10:00Z,0.047
2026-08-14T03:20:00Z,0.047
2026-08-14T03:40:00Z,0.048
2026-08-14T03:50:00Z,0.047
2026-08-14T04:00:00Z,0.048
2026-08-14T04:10:00Z,0.047
2026-08-14T04:20:00Z,0.047
2026-08-14T04:30:00Z,0.046
2026-08-14T04:40:00Z,0.047
2026-08-14T05:00:00Z,0.047
2026-08-14T05:20:00Z,0.047
2026-08-14T05:30:00Z,0.047
2026-08-14T05:40:00Z,0.047
2026-08-14T05:50:00Z,0.047
2026-08-14T06:10:00Z,0.047
2026-08-14T06:20:00Z,0.047
2026-08-14T06:30:00Z,0.047
2026-08-14T06:40:00Z,0.048
2026-08-14T06:50:00Z,0.047
2026-08-14T07:10:00Z,0.047
2026-08-14T07:20:00Z,0.047
2026-08-14T07:30:00Z,0.049
2026-08-14T07:40:00Z,0.047
2026-08-14T07:50:00Z,0.048
2026-08-14T08:00:00Z,0.048
2026-08-14T08:10:00Z,0.046
2026-08-14T08:20:00Z,0.05
2026-08-14T08:30:00Z,0.049
2026-08-14T08:40:00Z,0.05
2026-08-14T08:50:00Z,0.049
2026-08-14T09:00:00Z,0.047
2026-08-14T09:10:00Z,0.05
2026-08-14T09:20:00Z,0.049
2026-08-14T09:30:00Z,0.047
2026-08-14T09:40:00Z,0.049
2026-08-14T09:50:00Z,0.049
2026-08-14T10:00:00Z,0.05
2026-08-14T10:10:00Z,0.052
2026-08-14T10:20:00Z,0.052
2026-08-14T10:30:00Z,0.048
2026-08-14T10:40:00Z,0.052
2026-08-14T10:50:00Z,0.046
2026-08-14T11:00:00Z,0.049
2026-08-14T11:10:00Z,0.046
2026-08-14T11:20:00Z,0.049
2026-08-14T11:30:00Z,0.047
2026-08-14T11:40:00Z,0.049
2026-08-14T11:50:00Z,0.048
2026-08-14T12:00:00Z,0.048
2026-08-14T12:10:00Z,0.048
2026-08-14T12:20:00Z,0.046
2026-08-14T12:30:00Z,0.049
2026-08-14T12:40:00Z,0.049
2026-08-14T12:50:00Z,0.048
2026-08-14T13:00:00Z,0.049
2026-08-14T13:10:00Z,0.05
2026-08-14T13:20:00Z,0.046
2026-08-14T13:30:00Z,0.049
2026-08-14T13:40:00Z,0.047
2026-08-14T13:50:00Z,0.05
2026-08-14T14:00:00Z,0.047
2026-08-14T14:10:00Z,0.049
2026-08-14T14:20:00Z,0.049
2026-08-14T14:30:00Z,0.049
2026-08-14T14:50:00Z,0.047
2026-08-14T15:00:00Z,0.049
2026-08-14T15:10:00Z,0.049
2026-08-14T15:20:00Z,0.049
2026-08-14T15:30:00Z,0.049
2026-08-14T15:40:00Z,0.057
2026-08-14T15:50:00Z,0.05
2026-08-14T16:00:00Z,0.049
2026-08-14T16:10:00Z,0.049
2026-08-14T16:20:00Z,0.047
2026-08-14T16:30:00Z,0.049
2026-08-14T16:40:00Z,0.049
2026-08-14T16:50:00Z,0.049
2026-08-14T17:00:00Z,0.048
2026-08-14T17:10:00Z,0.046
2026-08-14T17:20:00Z,0.048
2026-08-14T17:30:00Z,0.046
2026-08-14T17:40:00Z,0.048
2026-08-14T17:50:00Z,0.048
2026-08-14T18:00:00Z,0.048
2026-08-14T18:10:00Z,0.049
2026-08-14T18:20:00Z,0.048
2026-08-14T18:30:00Z,0.046
2026-08-14T18:40:00Z,0.048
2026-08-14T18:50:00Z,0.049
2026-08-14T19:00:00Z,0.049
2026-08-14T19:20:00Z,0.046
2026-08-14T19:30:00Z,0.047
2026-08-14T19:40:00Z,0.047
2026-08-14T19:50:00Z,0.047
2026-08-14T20:00:00Z,0.047
2026-08-14T20:10:00Z,0.047
2026-08-14T20:30:00Z,0.047
2026-08-14T20:40:00Z,0.047
2026-08-14T20:50:00Z,0.047
2026-08-14T21:00:00Z,0.047
2026-08-14T21:10:00Z,0.047
2026-08-14T21:20:00Z,0.047
2026-08-14T21:30:00Z,0.047
2026-08-14T21:40:00Z,0.047
2026-08-14T21:50:00Z,0.047
2026-08-14T22:00:00Z,0.048
2026-08-14T22:10:00Z,0.047
2026-08-14T22:20:00Z,0.047
2026-08-14T22:30:00Z,0.047
2026-08-14T22:40:00Z,0.048
2026-08-14T22:50:00Z,0.047
2026-08-14T23:00:00Z,0.048
2026-08-14T23:10:00Z,0.047
2026-08-14T23:20:00Z,0.047
2026-08-14T23:30:00Z,0.047
2026-08-14T23:40:00Z,0.046
2026-08-14T23:50:00Z,0.047
2026-08-15T00:00:00Z,0.048
2026-08-15T00:10:00Z,0.048
2026-08-15T00:20:00Z,0.047
2026-08-15T00:30:00Z,0.047
2026-08-15T00:50:00Z,0.047
2026-08-15T01:10:00Z,0.047
2026-08-15T01:20:00Z,0.048
2026-08-15T01:30:00Z,0.047
2026-08-15T01:50:00Z,0.047
2026-08-15T02:00:00Z,0.048
2026-08-15T02:10:00Z,0.047
2026-08-15T02:30:00Z,0.047
2026-08-15T02:40:00Z,0.047
2026-08-15T02:50:00Z,0.046
2026-08-15T03:00:00Z,0.047
2026-08-15T03:10:00Z,0.048
2026-08-15T03:20:00Z,0.048
2026-08-15T03:30:00Z,0.047
2026-08-15T03:40:00Z,0.048
2026-08-15T03:50:00Z,0.047
2026-08-15T04:10:00Z,0.047
2026-08-15T04:30:00Z,0.047
2026-08-15T04:40:00Z,0.047
2026-08-15T04:50:00Z,0.047
2026-08-15T05:00:00Z,0.048
2026-08-15T05:10:00Z,0.047
2026-08-15T05:20:00Z,0.047
2026-08-15T05:30:00Z,0.047
2026-08-15T05:40:00Z,0.047
2026-08-15T05:50:00Z,0.047
2026-08-15T06:00:00Z,0.047
2026-08-15T06:10:00Z,0.047
2026-08-15T06:50:00Z,0.047
2026-08-15T07:00:00Z,0.046
2026-08-15T07:10:00Z,0.047
2026-08-15T07:20:00Z,0.047
2026-08-15T07:30:00Z,0.047
2026-08-15T07:40:00Z,0.047
2026-08-15T07:50:00Z,0.047
2026-08-15T08:00:00Z,0.048
2026-08-15T08:10:00Z,0.046
2026-08-15T08:40:00Z,0.047
2026-08-15T08:50:00Z,0.047
2026-08-15T09:40:00Z,0.047
2026-08-15T09:50:00Z,0.047
2026-08-15T10:00:00Z,0.047
2026-08-15T10:20:00Z,0.047
2026-08-15T10:40:00Z,0.047
2026-08-15T10:50:00Z,0.047
2026-08-15T11:00:00Z,0.047
2026-08-15T11:10:00Z,0.047
2026-08-15T11:20:00Z,0.047
2026-08-15T11:40:00Z,0.046
2026-08-15T11:50:00Z,0.047
2026-08-15T12:00:00Z,0.047
2026-08-15T12:10:00Z,0.047
2026-08-15T12:30:00Z,0.047
2026-08-15T12:50:00Z,0.047
2026-08-15T13:00:00Z,0.047
2026-08-15T13:10:00Z,0.047
2026-08-15T14:20:00Z,0.047
2026-08-15T14:30:00Z,0.047
2026-08-15T14:40:00Z,0.047
2026-08-15T14:50:00Z,0.047
2026-08-15T15:00:00Z,0.049
2026-08-15T15:10:00Z,0.047
2026-08-15T15:20:00Z,0.047
2026-08-15T15:30:00Z,0.047
2026-08-15T15:40:00Z,0.047
2026-08-15T15:50:00Z,0.051
2026-08-15T16:00:00Z,0.047
2026-08-15T16:10:00Z,0.049
2026-08-15T16:20:00Z,0.049
2026-08-15T16:30:00Z,0.049
2026-08-15T16:40:00Z,0.049
2026-08-15T16:50:00Z,0.049
2026-08-15T17:00:00Z,0.049
2026-08-15T17:10:00Z,0.049
2026-08-15T17:20:00Z,0.052
2026-08-15T17:30:00Z,0.049
2026-08-15T17:40:00Z,0.052
2026-08-15T17:50:00Z,0.052
2026-08-15T18:00:00Z,0.051
2026-08-15T18:10:00Z,0.052
2026-08-15T18:20:00Z,0.052
2026-08-15T18:30:00Z,0.052
2026-08-15T18:40:00Z,0.052
2026-08-15T18:50:00Z,0.051
2026-08-15T19:00:00Z,0.051
2026-08-15T19:10:00Z,0.052
2026-08-15T19:20:00Z,0.052
2026-08-15T19:30:00Z,0.054
2026-08-15T19:40:00Z,0.052
2026-08-15T19:50:00Z,0.052
2026-08-15T20:00:00Z,0.052
2026-08-15T20:10:00Z,0.052
2026-08-15T20:20:00Z,0.052
2026-08-15T20:30:00Z,0.052
2026-08-15T20:40:00Z,0.052
2026-08-15T20:50:00Z,0.052
2026-08-15T21:00:00Z,0.053
2026-08-15T21:10:00Z,0.053
2026-08-15T21:20:00Z,0.052
2026-08-15T21:30:00Z,0.055
2026-08-15T21:40:00Z,0.052
2026-08-15T21:50:00Z,0.052
2026-08-15T22:00:00Z,0.05
2026-08-15T22:10:00Z,0.052
2026-08-15T22:20:00Z,0.052
2026-08-15T22:30:00Z,0.052
2026-08-15T22:40:00Z,0.052
2026-08-15T22:50:00Z,0.05
2026-08-15T23:00:00Z,0.053
2026-08-15T23:10:00Z,0.052
2026-08-15T23:20:00Z,0.052
2026-08-15T23:30:00Z,0.05
2026-08-15T23:40:00Z,0.05
2026-08-15T23:50:00Z,0.051
2026-08-16T00:00:00Z,0.052
2026-08-16T00:10:00Z,0.051
2026-08-16T00:20:00Z,0.048
2026-08-16T00:30:00Z,0.05
2026-08-16T00:40:00Z,0.048
2026-08-16T00:50:00Z,0.05
2026-08-16T01:00:00Z,0.051
2026-08-16T01:10:00Z,0.051
2026-08-16T01:20:00Z,0.051
2026-08-16T01:30:00Z,0.051
2026-08-16T01:40:00Z,0.05
2026-08-16T01:50:00Z,0.049
2026-08-16T02:00:00Z,0.048
2026-08-16T02:10:00Z,0.049
2026-08-16T02:20:00Z,0.05
2026-08-16T02:30:00Z,0.048
2026-08-16T02:40:00Z,0.047
2026-08-16T02:50:00Z,0.048
2026-08-16T03:00:00Z,0.05
2026-08-16T03:10:00Z,0.048
2026-08-16T03:20:00Z,0.047
2026-08-16T03:30:00Z,0.047
2026-08-16T03:40:00Z,0.05
2026-08-16T03:50:00Z,0.05
2026-08-16T04:00:00Z,0.048
2026-08-16T04:10:00Z,0.047
2026-08-16T04:20:00Z,0.047
2026-08-16T04:30:00Z,0.048
2026-08-16T04:40:00Z,0.047
2026-08-16T04:50:00Z,0.047
2026-08-16T05:00:00Z,0.047
2026-08-16T05:10:00Z,0.05
2026-08-16T05:20:00Z,0.048
2026-08-16T05:30:00Z,0.047
2026-08-16T05:40:00Z,0.048
2026-08-16T05:50:00Z,0.048
2026-08-16T06:00:00Z,0.048
2026-08-16T06:10:00Z,0.05
2026-08-16T06:20:00Z,0.048
2026-08-16T06:30:00Z,0.051
2026-08-16T06:40:00Z,0.05
2026-08-16T06:50:00Z,0.048
2026-08-16T07:00:00Z,0.049
2026-08-16T07:10:00Z,0.05
2026-08-16T07:20:00Z,0.047
2026-08-16T07:30:00Z,0.048
2026-08-16T07:40:00Z,0.05
2026-08-16T07:50:00Z,0.053
2026-08-16T08:00:00Z,0.052
2026-08-16T08:10:00Z,0.05
2026-08-16T08:20:00Z,0.052
2026-08-16T08:30:00Z,0.049
2026-08-16T08:40:00Z,0.049
2026-08-16T08:50:00Z,0.049
2026-08-16T09:00:00Z,0.051
2026-08-16T09:10:00Z,0.049
2026-08-16T09:20:00Z,0.052
2026-08-16T09:30:00Z,0.049
2026-08-16T09:40:00Z,0.052
2026-08-16T09:50:00Z,0.05
2026-08-16T10:00:00Z,0.051
2026-08-16T10:10:00Z,0.052
2026-08-16T10:20:00Z,0.052
2026-08-16T10:30:00Z,0.049
2026-08-16T10:40:00Z,0.051
2026-08-16T10:50:00Z,0.052
2026-08-16T11:00:00Z,0.049
2026-08-16T11:10:00Z,0.052
2026-08-16T11:20:00Z,0.052
2026-08-16T11:30:00Z,0.052
2026-08-16T11:40:00Z,0.052
2026-08-16T11:50:00Z,0.052
2026-08-16T12:00:00Z,0.052
2026-08-16T12:10:00Z,0.052
2026-08-16T12:20:00Z,0.051
2026-08-16T12:30:00Z,0.052
2026-08-16T12:40:00Z,0.051
2026-08-16T12:50:00Z,0.049
2026-08-16T13:00:00Z,0.051
2026-08-16T13:10:00Z,0.052
2026-08-16T13:20:00Z,0.052
2026-08-16T13:30:00Z,0.051
2026-08-16T13:40:00Z,0.052
2026-08-16T13:50:00Z,0.053
2026-08-16T14:00:00Z,0.053
2026-08-16T14:10:00Z,0.053
2026-08-16T14:20:00Z,0.053
2026-08-16T14:30:00Z,0.052
2026-08-16T14:40:00Z,0.053
2026-08-16T14:50:00Z,0.052
2026-08-16T15:00:00Z,0.05
2026-08-16T15:10:00Z,0.052
2026-08-16T15:20:00Z,0.052
2026-08-16T15:30:00Z,0.054
2026-08-16T15:40:00Z,0.052
2026-08-16T15:50:00Z,0.053
2026-08-16T16:00:00Z,0.054
2026-08-16T16:10:00Z,0.053
2026-08-16T16:20:00Z,0.053
2026-08-16T16:30:00Z,0.058
2026-08-16T16:40:00Z,0.055
2026-08-16T16:50:00Z,0.055
2026-08-16T17:00:00Z,0.055
2026-08-16T17:10:00Z,0.055
2026-08-16T17:20:00Z,0.059
2026-08-16T17:30:00Z,0.054
2026-08-16T17:40:00Z,0.057
2026-08-16T17:50:00Z,0.052
2026-08-16T18:00:00Z,0.059
2026-08-16T18:10:00Z,0.059
2026-08-16T18:20:00Z,0.059
2026-08-16T18:30:00Z,0.057
2026-08-16T18:40:00Z,0.06
2026-08-16T18:50:00Z,0.059
2026-08-16T19:00:00Z,0.055
2026-08-16T19:10:00Z,0.059
2026-08-16T19:20:00Z,0.058
2026-08-16T19:30:00Z,0.057
2026-08-16T19:40:00Z,0.057
2026-08-16T19:50:00Z,0.058
2026-08-16T20:00:00Z,0.058
2026-08-16T20:10:00Z,0.058
2026-08-16T20:20:00Z,0.055
2026-08-16T20:30:00Z,0.058
2026-08-16T20:40:00Z,0.055
2026-08-16T20:50:00Z,0.058
2026-08-16T21:00:00Z,0.059
2026-08-16T21:10:00Z,0.057
2026-08-16T21:20:00Z,0.058
2026-08-16T21:30:00Z,0.058
2026-08-16T21:40:00Z,0.057
2026-08-16T21:50:00Z,0.055
2026-08-16T22:00:00Z,0.058
2026-08-16T22:10:00Z,0.055
2026-08-16T22:20:00Z,0.06
2026-08-16T22:30:00Z,0.057
2026-08-16T22:40:00Z,0.06
2026-08-16T22:50:00Z,0.058
2026-08-16T23:00:00Z,0.057
2026-08-16T23:10:00Z,0.058
2026-08-16T23:20:00Z,0.058
2026-08-16T23:30:00Z,0.058
2026-08-16T23:40:00Z,0.059
2026-08-16T23:50:00Z,0.056
2026-08-17T00:00:00Z,0.056
2026-08-17T00:10:00Z,0.058
2026-08-17T00:20:00Z,0.056
2026-08-17T00:30:00Z,0.059
2026-08-17T00:40:00Z,0.057
2026-08-17T00:50:00Z,0.058
2026-08-17T01:00:00Z,0.059
2026-08-17T01:10:00Z,0.057
2026-08-17T01:20:00Z,0.059
2026-08-17T01:30:00Z,0.057
2026-08-17T01:40:00Z,0.059
2026-08-17T01:50:00Z,0.059
2026-08-17T02:00:00Z,0.057
2026-08-17T02:10:00Z,0.059
2026-08-17T02:20:00Z,0.054
2026-08-17T02:30:00Z,0.056
2026-08-17T02:40:00Z,0.054
2026-08-17T02:50:00Z,0.057
2026-08-17T03:00:00Z,0.054
2026-08-17T03:10:00Z,0.057
2026-08-17T03:20:00Z,0.058
2026-08-17T03:30:00Z,0.057
2026-08-17T03:40:00Z,0.054
2026-08-17T03:50:00Z,0.056
2026-08-17T04:00:00Z,0.054
2026-08-17T04:10:00Z,0.057
2026-08-17T04:20:00Z,0.054
2026-08-17T04:30:00Z,0.055
2026-08-17T04:40:00Z,0.057
2026-08-17T04:50:00Z,0.056
2026-08-17T05:00:00Z,0.054
2026-08-17T05:10:00Z,0.055
2026-08-17T05:20:00Z,0.054
2026-08-17T05:30:00Z,0.057
2026-08-17T05:40:00Z,0.056
2026-08-17T05:50:00Z,0.058
2026-08-17T06:00:00Z,0.058
2026-08-17T06:10:00Z,0.057
2026-08-17T06:20:00Z,0.056
2026-08-17T06:30:00Z,0.058
2026-08-17T06:40:00Z,0.058
2026-08-17T06:50:00Z,0.055
2026-08-17T07:00:00Z,0.057
2026-08-17T07:10:00Z,0.059
2026-08-17T07:20:00Z,0.057
2026-08-17T07:30:00Z,0.055
2026-08-17T07:40:00Z,0.059
2026-08-17T07:50:00Z,0.055
2026-08-17T08:00:00Z,0.059
2026-08-17T08:10:00Z,0.059
2026-08-17T08:20:00Z,0.056
2026-08-17T08:30:00Z,0.058
2026-08-17T08:40:00Z,0.059
2026-08-17T08:50:00Z,0.058
2026-08-17T09:00:00Z,0.058
2026-08-17T09:10:00Z,0.059
2026-08-17T09:20:00Z,0.058
2026-08-17T09:30:00Z,0.056
2026-08-17T09:40:00Z,0.059
2026-08-17T09:50:00Z,0.056
2026-08-17T10:00:00Z,0.058
2026-08-17T10:10:00Z,0.06
2026-08-17T10:20:00Z,0.058
2026-08-17T10:30:00Z,0.056
2026-08-17T10:50:00Z,0.058
2026-08-17T11:00:00Z,0.058
2026-08-17T11:10:00Z,0.06
2026-08-17T11:20:00Z,0.056
2026-08-17T11:30:00Z,0.056
2026-08-17T11:40:00Z,0.06
2026-08-17T11:50:00Z,0.058
2026-08-17T12:00:00Z,0.059
2026-08-17T12:10:00Z,0.056
2026-08-17T12:20:00Z,0.059
2026-08-17T12:30:00Z,0.056
2026-08-17T12:40:00Z,0.062
2026-08-17T12:50:00Z,0.058
2026-08-17T13:00:00Z,0.062
2026-08-17T13:10:00Z,0.056
2026-08-17T13:20:00Z,0.047
2026-08-17T13:30:00Z,0.06
2026-08-17T13:40:00Z,0.059
2026-08-17T13:50:00Z,0.059
2026-08-17T14:00:00Z,0.057
2026-08-17T14:10:00Z,0.063
2026-08-17T14:20:00Z,0.054
2026-08-17T14:30:00Z,0.057
2026-08-17T14:40:00Z,0.046
2026-08-17T14:50:00Z,0.063
2026-08-17T15:00:00Z,0.057
2026-08-17T15:10:00Z,0.06
2026-08-17T15:20:00Z,0.057
2026-08-17T15:30:00Z,0.057
2026-08-17T15:40:00Z,0.059
2026-08-17T15:50:00Z,0.054
2026-08-17T16:00:00Z,0.055
2026-08-17T16:10:00Z,0.055
2026-08-17T16:20:00Z,0.058
2026-08-17T16:30:00Z,0.054
2026-08-17T16:40:00Z,0.063
2026-08-17T16:50:00Z,0.058
2026-08-17T17:00:00Z,0.057
2026-08-17T17:10:00Z,0.052
2026-08-17T17:20:00Z,0.055
2026-08-17T17:30:00Z,0.057
2026-08-17T17:40:00Z,0.055
2026-08-17T17:50:00Z,0.057
2026-08-17T18:00:00Z,0.055
2026-08-17T18:10:00Z,0.059
2026-08-17T18:20:00Z,0.059
2026-08-17T18:30:00Z,0.055
2026-08-17T18:40:00Z,0.059
2026-08-17T18:50:00Z,0.055
2026-08-17T19:00:00Z,0.055
2026-08-17T19:10:00Z,0.055
2026-08-17T19:20:00Z,0.059
2026-08-17T19:30:00Z,0.052
2026-08-17T19:40:00Z,0.052
2026-08-17T19:50:00Z,0.057
2026-08-17T20:00:00Z,0.05
2026-08-17T20:10:00Z,0.055
2026-08-17T20:20:00Z,0.052
2026-08-17T20:30:00Z,0.057
2026-08-17T20:40:00Z,0.055
2026-08-17T20:50:00Z,0.053
2026-08-17T21:00:00Z,0.057
2026-08-17T21:10:00Z,0.055
2026-08-17T21:20:00Z,0.055
2026-08-17T21:30:00Z,0.055
2026-08-17T21:40:00Z,0.053
2026-08-17T21:50:00Z,0.053
2026-08-17T22:00:00Z,0.055
2026-08-17T22:10:00Z,0.052
2026-08-17T22:20:00Z,0.053
2026-08-17T22:30:00Z,0.052
2026-08-17T22:40:00Z,0.055
2026-08-17T22:50:00Z,0.052
2026-08-17T23:00:00Z,0.053
2026-08-17T23:10:00Z,0.053
2026-08-17T23:20:00Z,0.055
2026-08-17T23:30:00Z,0.055
2026-08-17T23:40:00Z,0.055
2026-08-17T23:50:00Z,0.056
2026-08-18T00:00:00Z,0.055
2026-08-18T00:10:00Z,0.054
2026-08-18T00:20:00Z,0.052
2026-08-18T00:30:00Z,0.054
2026-08-18T00:40:00Z,0.057
2026-08-18T00:50:00Z,0.056
2026-08-18T01:00:00Z,0.056
2026-08-18T01:10:00Z,0.054
2026-08-18T01:20:00Z,0.054
2026-08-18T01:30:00Z,0.054
2026-08-18T01:40:00Z,0.054
2026-08-18T01:50:00Z,0.054
2026-08-18T02:00:00Z,0.054
2026-08-18T02:10:00Z,0.052
2026-08-18T02:20:00Z,0.052
2026-08-18T02:30:00Z,0.054
2026-08-18T02:40:00Z,0.054
2026-08-18T02:50:00Z,0.052
2026-08-18T03:00:00Z,0.054
2026-08-18T03:10:00Z,0.054
2026-08-18T03:20:00Z,0.056
2026-08-18T03:30:00Z,0.052
2026-08-18T03:40:00Z,0.054
2026-08-18T03:50:00Z,0.051
2026-08-18T04:00:00Z,0.054
2026-08-18T04:10:00Z,0.052
2026-08-18T04:20:00Z,0.051
2026-08-18T04:30:00Z,0.054
2026-08-18T04:40:00Z,0.054
2026-08-18T04:50:00Z,0.054
2026-08-18T05:00:00Z,0.052
2026-08-18T05:10:00Z,0.054
2026-08-18T05:20:00Z,0.054
2026-08-18T05:30:00Z,0.054
2026-08-18T05:40:00Z,0.054
2026-08-18T05:50:00Z,0.054
2026-08-18T06:00:00Z,0.054
2026-08-18T06:10:00Z,0.054
2026-08-18T06:20:00Z,0.054
2026-08-18T06:30:00Z,0.054
2026-08-18T06:40:00Z,0.051
2026-08-18T06:50:00Z,0.051
2026-08-18T07:00:00Z,0.054
2026-08-18T07:10:00Z,0.054
2026-08-18T07:20:00Z,0.055
2026-08-18T07:30:00Z,0.055
2026-08-18T07:40:00Z,0.059
2026-08-18T07:50:00Z,0.055
2026-08-18T08:00:00Z,0.054
2026-08-18T08:10:00Z,0.056
2026-08-18T08:20:00Z,0.056
2026-08-18T08:30:00Z,0.056
2026-08-18T08:40:00Z,0.056
2026-08-18T08:50:00Z,0.058
2026-08-18T09:00:00Z,0.056
2026-08-18T09:10:00Z,0.056
2026-08-18T09:20:00Z,0.055
2026-08-18T09:30:00Z,0.056
2026-08-18T09:40:00Z,0.055
2026-08-18T09:50:00Z,0.054
2026-08-18T10:00:00Z,0.055
2026-08-18T10:10:00Z,0.055
2026-08-18T10:20:00Z,0.057
2026-08-18T10:30:00Z,0.055
2026-08-18T10:40:00Z,0.054
2026-08-18T10:50:00Z,0.054
2026-08-18T11:00:00Z,0.054
2026-08-18T11:10:00Z,0.058
2026-08-18T11:20:00Z,0.055
2026-08-18T11:30:00Z,0.055
2026-08-18T11:40:00Z,0.052
2026-08-18T11:50:00Z,0.055
2026-08-18T12:00:00Z,0.055
2026-08-18T12:10:00Z,0.057
2026-08-18T12:20:00Z,0.059
2026-08-18T12:30:00Z,0.056
2026-08-18T12:40:00Z,0.058
2026-08-18T12:50:00Z,0.058
2026-08-18T13:00:00Z,0.059
2026-08-18T13:10:00Z,0.056
2026-08-18T13:20:00Z,0.054
2026-08-18T13:30:00Z,0.058
2026-08-18T13:40:00Z,0.057
2026-08-18T13:50:00Z,0.057
2026-08-18T14:00:00Z,0.053
2026-08-18T14:10:00Z,0.057
2026-08-18T14:20:00Z,0.059
2026-08-18T14:30:00Z,0.059
2026-08-18T14:40:00Z,0.057
2026-08-18T14:50:00Z,0.06
2026-08-18T15:00:00Z,0.047
2026-08-18T15:10:00Z,0.059
2026-08-18T15:20:00Z,0.054
2026-08-18T15:30:00Z,0.052
2026-08-18T15:40:00Z,0.057
2026-08-18T15:50:00Z,0.052
2026-08-18T16:00:00Z,0.057
2026-08-18T16:10:00Z,0.058
2026-08-18T16:20:00Z,0.05
2026-08-18T16:30:00Z,0.058
2026-08-18T16:40:00Z,0.056
2026-08-18T16:50:00Z,0.059
2026-08-18T17:00:00Z,0.059
2026-08-18T17:10:00Z,0.056
2026-08-18T17:20:00Z,0.052
2026-08-18T17:30:00Z,0.051
2026-08-18T17:40:00Z,0.047
2026-08-18T18:00:00Z,0.047
2026-08-21T17:30:00Z,0.047
2026-08-23T16:00:00Z,0.047
2026-08-23T16:10:00Z,0.049
2026-08-23T16:20:00Z,0.047
2026-08-23T16:30:00Z,0.047
2026-08-23T16:50:00Z,0.049
2026-08-23T17:00:00Z,0.047
2026-08-23T17:30:00Z,0.047
2026-08-23T17:40:00Z,0.048
2026-08-23T18:00:00Z,0.047
2026-08-23T18:10:00Z,0.048
2026-08-23T18:20:00Z,0.047
2026-08-23T18:30:00Z,0.048
2026-08-23T18:40:00Z,0.047
2026-08-23T18:50:00Z,0.046
2026-08-23T19:10:00Z,0.046
2026-08-23T19:20:00Z,0.049
2026-08-23T19:30:00Z,0.046
2026-08-23T19:40:00Z,0.046
2026-08-23T20:00:00Z,0.046
2026-08-23T20:10:00Z,0.047
2026-08-23T20:20:00Z,0.047
2026-08-23T20:30:00Z,0.048
2026-08-23T20:40:00Z,0.049
2026-08-23T20:50:00Z,0.049
2026-08-23T21:00:00Z,0.049
2026-08-23T21:10:00Z,0.049
2026-08-23T21:20:00Z,0.05
2026-08-23T21:30:00Z,0.049
2026-08-23T21:40:00Z,0.049
2026-08-23T21:50:00Z,0.05
2026-08-23T22:00:00Z,0.05
2026-08-23T22:10:00Z,0.049
2026-08-23T22:20:00Z,0.049
2026-08-23T22:30:00Z,0.049
2026-08-23T22:40:00Z,0.052
2026-08-23T22:50:00Z,0.05
2026-08-23T23:00:00Z,0.052
2026-08-23T23:10:00Z,0.05
2026-08-23T23:20:00Z,0.052
2026-08-23T23:30:00Z,0.052
2026-08-23T23:40:00Z,0.049
2026-08-23T23:50:00Z,0.052
2026-08-24T00:00:00Z,0.049
2026-08-24T00:10:00Z,0.052
2026-08-24T00:20:00Z,0.051
2026-08-24T00:30:00Z,0.049
2026-08-24T00:40:00Z,0.047
2026-08-24T00:50:00Z,0.051
2026-08-24T01:00:00Z,0.053
2026-08-24T01:10:00Z,0.051
2026-08-24T01:20:00Z,0.049
2026-08-24T01:30:00Z,0.049
2026-08-24T01:40:00Z,0.047
2026-08-24T01:50:00Z,0.05
2026-08-24T02:00:00Z,0.048
2026-08-24T02:10:00Z,0.048
2026-08-24T02:20:00Z,0.051
2026-08-24T02:30:00Z,0.048
2026-08-24T02:40:00Z,0.05
2026-08-24T02:50:00Z,0.05
2026-08-24T03:00:00Z,0.051
2026-08-24T03:10:00Z,0.05
2026-08-24T03:20:00Z,0.052
2026-08-24T03:30:00Z,0.052
2026-08-24T03:40:00Z,0.051
2026-08-24T03:50:00Z,0.054
2026-08-24T04:00:00Z,0.054
2026-08-24T04:10:00Z,0.051
2026-08-24T04:20:00Z,0.054
2026-08-24T04:30:00Z,0.054
2026-08-24T04:40:00Z,0.051
2026-08-24T04:50:00Z,0.056
2026-08-24T05:00:00Z,0.06
2026-08-24T05:10:00Z,0.059
2026-08-24T05:20:00Z,0.06
2026-08-24T05:30:00Z,0.064
2026-08-24T05:40:00Z,0.064
2026-08-24T05:50:00Z,0.065
2026-08-24T06:00:00Z,0.065
2026-08-24T06:10:00Z,0.067
2026-08-24T06:20:00Z,0.067
2026-08-24T06:30:00Z,0.066
2026-08-24T06:40:00Z,0.07
2026-08-24T06:50:00Z,0.07
2026-08-24T07:00:00Z,0.07
2026-08-24T07:10:00Z,0.071
2026-08-24T07:20:00Z,0.071
2026-08-24T07:30:00Z,0.071
2026-08-24T07:40:00Z,0.071
2026-08-24T07:50:00Z,0.066
2026-08-24T08:00:00Z,0.065
2026-08-24T08:10:00Z,0.062
2026-08-24T08:20:00Z,0.057
2026-08-24T08:30:00Z,0.054
2026-08-24T08:40:00Z,0.056
2026-08-24T08:50:00Z,0.052
2026-08-24T09:00:00Z,0.052
2026-08-24T09:10:00Z,0.049
2026-08-24T09:20:00Z,0.052
2026-08-24T09:30:00Z,0.049
2026-08-24T09:40:00Z,0.051
2026-08-24T09:50:00Z,0.049
2026-08-24T10:00:00Z,0.047
2026-08-24T10:10:00Z,0.047
2026-08-24T10:20:00Z,0.049
2026-08-24T10:30:00Z,0.049
2026-08-24T10:40:00Z,0.049
2026-08-24T10:50:00Z,0.049
2026-08-24T11:00:00Z,0.049
2026-08-24T11:10:00Z,0.047
2026-08-24T11:20:00Z,0.047
2026-08-24T11:30:00Z,0.049
2026-08-24T11:40:00Z,0.049
2026-08-24T11:50:00Z,0.049
2026-08-24T12:00:00Z,0.049
2026-08-24T12:10:00Z,0.047
2026-08-24T12:20:00Z,0.047
2026-08-24T12:30:00Z,0.049
2026-08-24T12:40:00Z,0.049
2026-08-24T12:50:00Z,0.049
2026-08-24T13:00:00Z,0.047
2026-08-24T13:10:00Z,0.049
2026-08-24T13:20:00Z,0.053
2026-08-24T13:30:00Z,0.052
2026-08-24T13:40:00Z,0.052
2026-08-24T13:50:00Z,0.054
2026-08-24T14:00:00Z,0.054
2026-08-24T14:10:00Z,0.051
2026-08-24T14:20:00Z,0.052
2026-08-24T14:30:00Z,0.051
2026-08-24T14:40:00Z,0.051
2026-08-24T14:50:00Z,0.049
2026-08-24T15:00:00Z,0.048
2026-08-24T15:10:00Z,0.048
2026-08-24T15:20:00Z,0.047
2026-08-24T20:20:00Z,0.046
2026-08-24T20:40:00Z,0.046
2026-08-24T21:10:00Z,0.047
2026-08-24T21:20:00Z,0.046
2026-08-24T21:30:00Z,0.046
2026-08-24T21:50:00Z,0.046
2026-08-26T07:30:00Z,0.046
2026-08-26T09:00:00Z,0.047
2026-08-26T09:10:00Z,0.047
2026-08-26T09:30:00Z,0.047
2026-08-26T10:30:00Z,0.047
2026-08-26T10:40:00Z,0.047
2026-08-26T10:50:00Z,0.048
2026-08-26T11:00:00Z,0.047
2026-08-26T11:20:00Z,0.046
2026-08-26T11:30:00Z,0.046
2026-08-26T11:40:00Z,0.046
2026-08-26T11:50:00Z,0.047
2026-08-26T12:00:00Z,0.047
2026-08-26T12:10:00Z,0.047
2026-08-26T12:20:00Z,0.047
2026-08-26T12:30:00Z,0.047
2026-08-26T12:50:00Z,0.047
2026-08-26T13:00:00Z,0.047
2026-08-26T13:10:00Z,0.047
2026-08-26T13:30:00Z,0.047
2026-08-26T13:40:00Z,0.047
2026-08-26T14:00:00Z,0.046
2026-08-26T14:10:00Z,0.047
2026-08-26T14:20:00Z,0.047
2026-08-26T14:30:00Z,0.047
2026-08-26T14:50:00Z,0.047
2026-08-26T15:20:00Z,0.049
2026-08-26T15:30:00Z,0.047
2026-08-26T16:10:00Z,0.047
2026-08-26T16:20:00Z,0.047
2026-08-26T16:30:00Z,0.047
2026-08-26T16:40:00Z,0.047
2026-08-26T16:50:00Z,0.047
2026-08-26T17:00:00Z,0.047
2026-08-26T17:10:00Z,0.047
2026-08-26T17:20:00Z,0.048
2026-08-26T17:30:00Z,0.048
2026-08-26T18:00:00Z,0.046
2026-08-26T18:10:00Z,0.047
2026-08-26T18:20:00Z,0.051
2026-08-26T18:30:00Z,0.054
2026-08-26T18:40:00Z,0.05
2026-08-26T18:50:00Z,0.051
2026-08-26T19:00:00Z,0.048
2026-08-26T19:10:00Z,0.048
2026-08-26T19:20:00Z,0.05
2026-08-26T19:30:00Z,0.047
2026-08-26T19:40:00Z,0.047
2026-08-26T19:50:00Z,0.047
2026-08-26T20:00:00Z,0.047
2026-08-26T20:10:00Z,0.046
2026-08-26T20:20:00Z,0.046
2026-08-26T20:30:00Z,0.048
2026-08-26T20:40:00Z,0.046
2026-08-26T21:00:00Z,0.051
2026-08-26T21:10:00Z,0.046
2026-08-26T21:20:00Z,0.046
2026-08-26T21:40:00Z,0.046
2026-08-26T21:50:00Z,0.046
2026-08-26T22:00:00Z,0.047
2026-08-26T22:10:00Z,0.051
2026-08-26T22:20:00Z,0.054
2026-08-26T22:30:00Z,0.059
2026-08-26T22:40:00Z,0.065
2026-08-26T22:50:00Z,0.067
2026-08-26T23:00:00Z,0.07
2026-08-26T23:10:00Z,0.073
2026-08-26T23:20:00Z,0.076
2026-08-26T23:30:00Z,0.077
2026-08-26T23:40:00Z,0.083
2026-08-26T23:50:00Z,0.083
2026-08-27T00:00:00Z,0.083
2026-08-27T00:10:00Z,0.082
2026-08-27T00:20:00Z,0.083
2026-08-27T00:30:00Z,0.083
2026-08-27T00:40:00Z,0.083
2026-08-27T00:50:00Z,0.083
2026-08-27T01:00:00Z,0.083
2026-08-27T01:10:00Z,0.083
2026-08-27T01:20:00Z,0.078
2026-08-27T01:30:00Z,0.078
2026-08-27T01:40:00Z,0.081
2026-08-27T01:50:00Z,0.081
2026-08-27T02:00:00Z,0.078
2026-08-27T02:10:00Z,0.078
2026-08-27T02:20:00Z,0.078
2026-08-27T02:30:00Z,0.078
2026-08-27T02:40:00Z,0.078
2026-08-27T02:50:00Z,0.078
2026-08-27T03:00:00Z,0.078
2026-08-27T03:10:00Z,0.076
2026-08-27T03:20:00Z,0.078
2026-08-27T03:30:00Z,0.077
2026-08-27T03:40:00Z,0.077
2026-08-27T03:50:00Z,0.078
2026-08-27T04:00:00Z,0.077
2026-08-27T04:10:00Z,0.078
2026-08-27T04:20:00Z,0.078
2026-08-27T04:30:00Z,0.078
2026-08-27T04:40:00Z,0.077
2026-08-27T04:50:00Z,0.078
2026-08-27T05:00:00Z,0.074
2026-08-27T05:10:00Z,0.078
2026-08-27T05:20:00Z,0.077
2026-08-27T05:30:00Z,0.077
2026-08-27T05:40:00Z,0.074
2026-08-27T05:50:00Z,0.077
2026-08-27T06:00:00Z,0.076
2026-08-27T06:10:00Z,0.077
2026-08-27T06:20:00Z,0.076
2026-08-27T06:30:00Z,0.074
2026-08-27T06:40:00Z,0.074
2026-08-27T06:50:00Z,0.073
2026-08-27T07:00:00Z,0.073
2026-08-27T07:10:00Z,0.073
2026-08-27T07:20:00Z,0.071
2026-08-27T07:30:00Z,0.07
2026-08-27T07:40:00Z,0.071
2026-08-27T07:50:00Z,0.071
2026-08-27T08:00:00Z,0.07
2026-08-27T08:10:00Z,0.068
2026-08-27T08:20:00Z,0.068
2026-08-27T08:30:00Z,0.067
2026-08-27T08:40:00Z,0.07
2026-08-27T08:50:00Z,0.071
2026-08-27T09:00:00Z,0.066
2026-08-27T09:10:00Z,0.071
2026-08-27T09:20:00Z,0.066
2026-08-27T09:30:00Z,0.068
2026-08-27T09:40:00Z,0.066
2026-08-27T09:50:00Z,0.071
2026-08-27T10:00:00Z,0.066
2026-08-27T10:10:00Z,0.066
2026-08-27T10:20:00Z,0.071
2026-08-27T10:30:00Z,0.065
2026-08-27T10:40:00Z,0.066
2026-08-27T10:50:00Z,0.065
2026-08-27T11:00:00Z,0.065
2026-08-27T11:10:00Z,0.065
2026-08-27T11:20:00Z,0.064
2026-08-27T11:30:00Z,0.065
2026-08-27T11:40:00Z,0.065
2026-08-27T11:50:00Z,0.068
2026-08-27T12:00:00Z,0.063
2026-08-27T12:10:00Z,0.063
2026-08-27T12:20:00Z,0.063
2026-08-27T12:30:00Z,0.063
2026-08-27T12:40:00Z,0.063
2026-08-27T12:50:00Z,0.065
2026-08-27T13:00:00Z,0.063
2026-08-27T13:10:00Z,0.063
2026-08-27T13:20:00Z,0.063
2026-08-27T13:30:00Z,0.065
2026-08-27T13:40:00Z,0.066
2026-08-27T13:50:00Z,0.065
2026-08-27T14:00:00Z,0.066
2026-08-27T14:10:00Z,0.066
2026-08-27T14:20:00Z,0.062
2026-08-27T14:30:00Z,0.066
2026-08-27T14:40:00Z,0.066
2026-08-27T14:50:00Z,0.066
2026-08-27T15:00:00Z,0.066
2026-08-27T15:10:00Z,0.066
2026-08-27T15:20:00Z,0.066
2026-08-27T15:30:00Z,0.066
2026-08-27T15:40:00Z,0.065
2026-08-27T15:50:00Z,0.065
2026-08-27T16:00:00Z,0.065
2026-08-27T16:10:00Z,0.065
2026-08-27T16:20:00Z,0.065
2026-08-27T16:30:00Z,0.067
2026-08-27T16:40:00Z,0.064
2026-08-27T16:50:00Z,0.068
2026-08-27T17:00:00Z,0.064
2026-08-27T17:10:00Z,0.068
2026-08-27T17:20:00Z,0.065
2026-08-27T17:30:00Z,0.065
2026-08-27T17:40:00Z,0.065
2026-08-27T17:50:00Z,0.063
2026-08-27T18:00:00Z,0.065
2026-08-27T18:10:00Z,0.064
2026-08-27T18:20:00Z,0.067
2026-08-27T18:30:00Z,0.065
2026-08-27T18:40:00Z,0.065
2026-08-27T18:50:00Z,0.065
2026-08-27T19:00:00Z,0.065
2026-08-27T19:10:00Z,0.065
2026-08-27T19:20:00Z,0.067
2026-08-27T19:30:00Z,0.066
2026-08-27T19:40:00Z,0.065
2026-08-27T19:50:00Z,0.065
2026-08-27T20:00:00Z,0.065
2026-08-27T20:10:00Z,0.068
2026-08-27T20:20:00Z,0.065
2026-08-27T20:30:00Z,0.068
2026-08-27T20:40:00Z,0.067
2026-08-27T20:50:00Z,0.066
2026-08-27T21:00:00Z,0.068
2026-08-27T21:10:00Z,0.068
2026-08-27T21:20:00Z,0.066
2026-08-27T21:30:00Z,0.068
2026-08-27T21:40:00Z,0.066
2026-08-27T21:50:00Z,0.065
2026-08-27T22:00:00Z,0.066
2026-08-27T22:10:00Z,0.066
2026-08-27T22:20:00Z,0.066
2026-08-27T22:30:00Z,0.068
2026-08-27T22:40:00Z,0.065
2026-08-27T22:50:00Z,0.066
2026-08-27T23:00:00Z,0.065
2026-08-27T23:10:00Z,0.068
2026-08-27T23:20:00Z,0.068
2026-08-27T23:30:00Z,0.066
2026-08-27T23:40:00Z,0.068
2026-08-27T23:50:00Z,0.068
2026-08-28T00:00:00Z,0.068
2026-08-28T00:10:00Z,0.068
2026-08-28T00:20:00Z,0.068
2026-08-28T00:30:00Z,0.068
2026-08-28T00:40:00Z,0.068
2026-08-28T00:50:00Z,0.068
2026-08-28T01:00:00Z,0.068
2026-08-28T01:10:00Z,0.068
2026-08-28T01:20:00Z,0.071
2026-08-28T01:30:00Z,0.068
2026-08-28T01:40:00Z,0.068
2026-08-28T01:50:00Z,0.068
2026-08-28T02:00:00Z,0.066
2026-08-28T02:10:00Z,0.066
2026-08-28T02:20:00Z,0.068
2026-08-28T02:30:00Z,0.068
2026-08-28T02:40:00Z,0.068
2026-08-28T02:50:00Z,0.068
2026-08-28T03:00:00Z,0.068
2026-08-28T03:10:00Z,0.068
2026-08-28T03:20:00Z,0.066
2026-08-28T03:30:00Z,0.066
2026-08-28T03:40:00Z,0.068
2026-08-28T03:50:00Z,0.068
2026-08-28T04:00:00Z,0.068
2026-08-28T04:10:00Z,0.068
2026-08-28T04:20:00Z,0.068
2026-08-28T04:30:00Z,0.071
2026-08-28T04:40:00Z,0.068
2026-08-28T04:50:00Z,0.071
2026-08-28T05:00:00Z,0.071
2026-08-28T05:10:00Z,0.068
2026-08-28T05:20:00Z,0.068
2026-08-28T05:30:00Z,0.067
2026-08-28T05:40:00Z,0.068
2026-08-28T05:50:00Z,0.072
2026-08-28T06:00:00Z,0.068
2026-08-28T06:10:00Z,0.072
2026-08-28T06:20:00Z,0.074
2026-08-28T06:30:00Z,0.071
2026-08-28T06:40:00Z,0.072
2026-08-28T06:50:00Z,0.072
2026-08-28T07:00:00Z,0.071
2026-08-28T07:10:00Z,0.071
2026-08-28T07:20:00Z,0.073
2026-08-28T07:30:00Z,0.071
2026-08-28T07:40:00Z,0.063
2026-08-28T07:50:00Z,0.067
2026-08-28T08:00:00Z,0.055
2026-08-28T08:10:00Z,0.064
2026-08-28T08:20:00Z,0.071
2026-08-28T08:30:00Z,0.07
2026-08-28T08:40:00Z,0.07
2026-08-28T08:50:00Z,0.073
2026-08-28T09:00:00Z,0.073
2026-08-28T09:10:00Z,0.07
2026-08-28T09:20:00Z,0.071
2026-08-28T09:30:00Z,0.072
2026-08-28T09:40:00Z,0.077
2026-08-28T09:50:00Z,0.077
2026-08-28T10:00:00Z,0.065
2026-08-28T10:10:00Z,0.076
2026-08-28T10:20:00Z,0.074
2026-08-28T10:30:00Z,0.07
2026-08-28T10:40:00Z,0.076
2026-08-28T10:50:00Z,0.081
2026-08-28T11:00:00Z,0.074
2026-08-28T11:10:00Z,0.077
2026-08-28T11:20:00Z,0.077
2026-08-28T11:30:00Z,0.077
2026-08-28T11:40:00Z,0.077
2026-08-28T11:50:00Z,0.081
2026-08-28T12:00:00Z,0.082
2026-08-28T12:10:00Z,0.085
2026-08-28T12:20:00Z,0.082
2026-08-28T12:30:00Z,0.082
2026-08-28T12:40:00Z,0.082
2026-08-28T12:50:00Z,0.081
2026-08-28T13:00:00Z,0.081
2026-08-28T13:10:00Z,0.07
2026-08-28T13:20:00Z,0.072
2026-08-28T13:30:00Z,0.066
2026-08-28T13:40:00Z,0.081
2026-08-28T13:50:00Z,0.081
2026-08-28T14:00:00Z,0.077
2026-08-28T14:10:00Z,0.082
2026-08-28T14:20:00Z,0.085
2026-08-28T14:30:00Z,0.085
2026-08-28T14:40:00Z,0.085
2026-08-28T14:50:00Z,0.085
2026-08-28T15:00:00Z,0.085
2026-08-28T15:10:00Z,0.09
2026-08-28T15:20:00Z,0.083
2026-08-28T15:30:00Z,0.092
2026-08-28T15:40:00Z,0.083
2026-08-28T15:50:00Z,0.087
2026-08-28T16:00:00Z,0.087
2026-08-28T16:10:00Z,0.087
2026-08-28T16:20:00Z,0.092
2026-08-28T16:30:00Z,0.08
2026-08-28T16:40:00Z,0.09
2026-08-28T16:50:00Z,0.09
2026-08-28T17:00:00Z,0.08
2026-08-28T17:10:00Z,0.087
2026-08-28T17:20:00Z,0.093
2026-08-28T17:30:00Z,0.085
2026-08-28T17:40:00Z,0.08
2026-08-28T17:50:00Z,0.083
2026-08-28T18:00:00Z,0.076
2026-08-28T18:10:00Z,0.083
2026-08-28T18:20:00Z,0.087
2026-08-28T18:30:00Z,0.081
2026-08-28T18:40:00Z,0.078
2026-08-28T18:50:00Z,0.083
2026-08-28T19:00:00Z,0.083
2026-08-28T19:10:00Z,0.083
2026-08-28T19:20:00Z,0.083
2026-08-28T19:30:00Z,0.083
2026-08-28T19:40:00Z,0.083
2026-08-28T19:50:00Z,0.078
2026-08-28T20:00:00Z,0.08
2026-08-28T20:10:00Z,0.083
2026-08-28T20:20:00Z,0.08
2026-08-28T20:30:00Z,0.078
2026-08-28T20:40:00Z,0.08
2026-08-28T20:50:00Z,0.078
2026-08-28T21:00:00Z,0.08
2026-08-28T21:10:00Z,0.078
2026-08-28T21:20:00Z,0.078
2026-08-28T21:30:00Z,0.078
2026-08-28T21:40:00Z,0.077
2026-08-28T21:50:00Z,0.077
2026-08-28T22:00:00Z,0.077
2026-08-28T22:10:00Z,0.077
2026-08-28T22:20:00Z,0.08
2026-08-28T22:30:00Z,0.074
2026-08-28T22:40:00Z,0.077
2026-08-28T22:50:00Z,0.074
2026-08-28T23:00:00Z,0.074
2026-08-28T23:10:00Z,0.077
2026-08-28T23:20:00Z,0.078
2026-08-28T23:30:00Z,0.076
2026-08-28T23:40:00Z,0.074
2026-08-28T23:50:00Z,0.076
2026-08-29T00:00:00Z,0.077
2026-08-29T00:10:00Z,0.074
2026-08-29T00:20:00Z,0.073
2026-08-29T00:30:00Z,0.077
2026-08-29T00:40:00Z,0.076
2026-08-29T00:50:00Z,0.077
2026-08-29T01:00:00Z,0.076
2026-08-29T01:10:00Z,0.073
2026-08-29T01:20:00Z,0.074
2026-08-29T01:30:00Z,0.073
2026-08-29T01:40:00Z,0.076
2026-08-29T01:50:00Z,0.076
2026-08-29T02:00:00Z,0.073
2026-08-29T02:10:00Z,0.076
2026-08-29T02:20:00Z,0.073
2026-08-29T02:30:00Z,0.076
2026-08-29T02:40:00Z,0.073
2026-08-29T02:50:00Z,0.073
2026-08-29T03:00:00Z,0.073
2026-08-29T03:10:00Z,0.074
2026-08-29T03:20:00Z,0.073
2026-08-29T03:30:00Z,0.073
2026-08-29T03:40:00Z,0.074
2026-08-29T03:50:00Z,0.077
2026-08-29T04:00:00Z,0.072
2026-08-29T04:10:00Z,0.074
2026-08-29T04:20:00Z,0.074
2026-08-29T04:30:00Z,0.074
2026-08-29T04:40:00Z,0.077
2026-08-29T04:50:00Z,0.078
2026-08-29T05:00:00Z,0.078
2026-08-29T05:10:00Z,0.078
2026-08-29T05:20:00Z,0.077
2026-08-29T05:30:00Z,0.081
2026-08-29T05:40:00Z,0.074
2026-08-29T05:50:00Z,0.077
2026-08-29T06:00:00Z,0.078
2026-08-29T06:10:00Z,0.078
2026-08-29T06:20:00Z,0.078
2026-08-29T06:30:00Z,0.077
2026-08-29T06:40:00Z,0.078
2026-08-29T06:50:00Z,0.078
2026-08-29T07:00:00Z,0.078
2026-08-29T07:10:00Z,0.081
2026-08-29T07:20:00Z,0.073
2026-08-29T07:30:00Z,0.078
2026-08-29T07:40:00Z,0.068
2026-08-29T07:50:00Z,0.076
2026-08-29T08:00:00Z,0.059
2026-08-29T08:10:00Z,0.076
2026-08-29T08:20:00Z,0.057
2026-08-29T08:30:00Z,0.073
2026-08-29T08:40:00Z,0.078
2026-08-29T08:50:00Z,0.076
2026-08-29T09:00:00Z,0.063
2026-08-29T09:10:00Z,0.071
2026-08-29T09:20:00Z,0.077
2026-08-29T09:30:00Z,0.073
2026-08-29T09:40:00Z,0.063
2026-08-29T09:50:00Z,0.068
2026-08-29T10:00:00Z,0.074
2026-08-29T10:10:00Z,0.071
2026-08-29T10:20:00Z,0.068
2026-08-29T10:30:00Z,0.071
2026-08-29T10:40:00Z,0.068
2026-08-29T10:50:00Z,0.072
2026-08-29T11:00:00Z,0.065
2026-08-29T11:10:00Z,0.074
2026-08-29T11:20:00Z,0.077
2026-08-29T11:30:00Z,0.065
2026-08-29T11:40:00Z,0.06
2026-08-29T11:50:00Z,0.065
2026-08-29T12:00:00Z,0.065
2026-08-29T12:10:00Z,0.072
2026-08-29T12:20:00Z,0.08
2026-08-29T12:30:00Z,0.068
2026-08-29T12:40:00Z,0.071
2026-08-29T12:50:00Z,0.068
2026-08-29T13:00:00Z,0.052
2026-08-29T13:10:00Z,0.068
2026-08-29T13:20:00Z,0.074
2026-08-29T13:30:00Z,0.072
2026-08-29T13:40:00Z,0.078
2026-08-29T13:50:00Z,0.074
2026-08-29T14:00:00Z,0.077
2026-08-29T14:10:00Z,0.081
2026-08-29T14:20:00Z,0.073
2026-08-29T14:30:00Z,0.083
2026-08-29T14:40:00Z,0.072
2026-08-29T14:50:00Z,0.078
2026-08-29T15:00:00Z,0.078
2026-08-29T15:10:00Z,0.083
2026-08-29T15:20:00Z,0.083
2026-08-29T15:30:00Z,0.082
2026-08-29T15:40:00Z,0.078
2026-08-29T15:50:00Z,0.083
2026-08-29T16:00:00Z,0.09
2026-08-29T16:10:00Z,0.077
2026-08-29T16:20:00Z,0.087
2026-08-29T16:30:00Z,0.09
2026-08-29T16:40:00Z,0.097
2026-08-29T16:50:00Z,0.102
2026-08-29T17:00:00Z,0.102
2026-08-29T17:10:00Z,0.105
2026-08-29T17:20:00Z,0.097
2026-08-29T17:30:00Z,0.106
2026-08-29T17:40:00Z,0.109
2026-08-29T17:50:00Z,0.112
2026-08-29T18:00:00Z,0.112
2026-08-29T18:10:00Z,0.112
2026-08-29T18:20:00Z,0.114
2026-08-29T18:30:00Z,0.112
2026-08-29T18:40:00Z,0.114
2026-08-29T18:50:00Z,0.12
2026-08-29T19:00:00Z,0.12
2026-08-29T19:10:00Z,0.12
2026-08-29T19:20:00Z,0.12
2026-08-29T19:30:00Z,0.12
2026-08-29T19:40:00Z,0.117
2026-08-29T19:50:00Z,0.117
2026-08-29T20:00:00Z,0.12
2026-08-29T20:10:00Z,0.12
2026-08-29T20:20:00Z,0.114
2026-08-29T20:30:00Z,0.12
2026-08-29T20:40:00Z,0.114
2026-08-29T20:50:00Z,0.12
2026-08-29T21:00:00Z,0.112
2026-08-29T21:10:00Z,0.12
2026-08-29T21:20:00Z,0.117
2026-08-29T21:30:00Z,0.112
2026-08-29T21:40:00Z,0.112
2026-08-29T21:50:00Z,0.112
2026-08-29T22:00:00Z,0.117
2026-08-29T22:10:00Z,0.114
2026-08-29T22:20:00Z,0.112
2026-08-29T22:30:00Z,0.111
2026-08-29T22:40:00Z,0.109
2026-08-29T22:50:00Z,0.114
2026-08-29T23:00:00Z,0.111
2026-08-29T23:10:00Z,0.109
2026-08-29T23:20:00Z,0.109
2026-08-29T23:30:00Z,0.111
2026-08-29T23:40:00Z,0.109
2026-08-29T23:50:00Z,0.106
2026-08-30T00:00:00Z,0.109
2026-08-30T00:10:00Z,0.106
2026-08-30T00:20:00Z,0.106
2026-08-30T00:30:00Z,0.109
2026-08-30T00:40:00Z,0.109
2026-08-30T00:50:00Z,0.106
2026-08-30T01:00:00Z,0.108
2026-08-30T01:10:00Z,0.106
2026-08-30T01:20:00Z,0.109
2026-08-30T01:30:00Z,0.106
2026-08-30T01:40:00Z,0.106
2026-08-30T01:50:00Z,0.103
2026-08-30T02:00:00Z,0.106
2026-08-30T02:10:00Z,0.108
2026-08-30T02:20:00Z,0.106
2026-08-30T02:30:00Z,0.106
2026-08-30T02:40:00Z,0.108
2026-08-30T02:50:00Z,0.103
2026-08-30T03:00:00Z,0.106
2026-08-30T03:10:00Z,0.106
2026-08-30T03:20:00Z,0.106
2026-08-30T03:30:00Z,0.106
2026-08-30T03:40:00Z,0.106
2026-08-30T03:50:00Z,0.106
2026-08-30T04:00:00Z,0.106
2026-08-30T04:10:00Z,0.106
2026-08-30T04:20:00Z,0.103
2026-08-30T04:30:00Z,0.106
2026-08-30T04:40:00Z,0.106
2026-08-30T04:50:00Z,0.1
2026-08-30T05:00:00Z,0.106
2026-08-30T05:10:00Z,0.103
2026-08-30T05:20:00Z,0.103
2026-08-30T05:30:00Z,0.1
2026-08-30T05:40:00Z,0.1
2026-08-30T05:50:00Z,0.103
2026-08-30T06:00:00Z,0.1
2026-08-30T06:10:00Z,0.103
2026-08-30T06:20:00Z,0.103
2026-08-30T06:30:00Z,0.103
2026-08-30T06:40:00Z,0.102
2026-08-30T06:50:00Z,0.105
2026-08-30T07:00:00Z,0.102
2026-08-30T07:10:00Z,0.105
2026-08-30T07:20:00Z,0.106
2026-08-30T07:30:00Z,0.105
2026-08-30T07:40:00Z,0.108
2026-08-30T07:50:00Z,0.105
2026-08-30T08:00:00Z,0.102
2026-08-30T08:10:00Z,0.105
2026-08-30T08:20:00Z,0.105
2026-08-30T08:30:00Z,0.097
2026-08-30T08:40:00Z,0.105
2026-08-30T08:50:00Z,0.105
2026-08-30T09:00:00Z,0.108
2026-08-30T09:10:00Z,0.102
2026-08-30T09:20:00Z,0.102
2026-08-30T09:30:00Z,0.102
2026-08-30T09:40:00Z,0.105
2026-08-30T09:50:00Z,0.105
2026-08-30T10:00:00Z,0.105
2026-08-30T10:10:00Z,0.102
2026-08-30T10:20:00Z,0.102
2026-08-30T10:30:00Z,0.105
2026-08-30T10:40:00Z,0.102
2026-08-30T10:50:00Z,0.102
2026-08-30T11:00:00Z,0.105
2026-08-30T11:10:00Z,0.102
2026-08-30T11:20:00Z,0.102
2026-08-30T11:30:00Z,0.083
2026-08-30T11:40:00Z,0.105
2026-08-30T11:50:00Z,0.097
2026-08-30T12:00:00Z,0.094
2026-08-30T12:10:00Z,0.1
2026-08-30T12:20:00Z,0.094
2026-08-30T12:30:00Z,0.102
2026-08-30T12:40:00Z,0.094
2026-08-30T12:50:00Z,0.102
2026-08-30T13:00:00Z,0.097
2026-08-30T13:10:00Z,0.097
2026-08-30T13:20:00Z,0.09
2026-08-30T13:30:00Z,0.097
2026-08-30T13:40:00Z,0.083
2026-08-30T13:50:00Z,0.097
2026-08-30T14:00:00Z,0.094
2026-08-30T14:10:00Z,0.097
2026-08-30T14:20:00Z,0.094
2026-08-30T14:30:00Z,0.094
2026-08-30T14:40:00Z,0.094
2026-08-30T14:50:00Z,0.092
2026-08-30T15:00:00Z,0.083
2026-08-30T15:10:00Z,0.094
2026-08-30T15:20:00Z,0.083
2026-08-30T15:30:00Z,0.089
2026-08-30T15:40:00Z,0.087
2026-08-30T15:50:00Z,0.093
2026-08-30T16:00:00Z,0.089
2026-08-30T16:10:00Z,0.071
2026-08-30T16:20:00Z,0.087
2026-08-30T16:30:00Z,0.094
2026-08-30T16:40:00Z,0.094
2026-08-30T16:50:00Z,0.093
2026-08-30T17:00:00Z,0.094
2026-08-30T17:10:00Z,0.094
2026-08-30T17:20:00Z,0.097
2026-08-30T17:30:00Z,0.09
2026-08-30T17:40:00Z,0.092
2026-08-30T17:50:00Z,0.09
2026-08-30T18:00:00Z,0.093
2026-08-30T18:10:00Z,0.093
2026-08-30T18:20:00Z,0.092
2026-08-30T18:30:00Z,0.092
2026-08-30T18:40:00Z,0.09
2026-08-30T18:50:00Z,0.094
2026-08-30T19:00:00Z,0.09
2026-08-30T19:10:00Z,0.09
2026-08-30T19:20:00Z,0.09
2026-08-30T19:30:00Z,0.09
2026-08-30T19:40:00Z,0.09
2026-08-30T19:50:00Z,0.09
2026-08-30T20:00:00Z,0.09
2026-08-30T20:10:00Z,0.09
2026-08-30T20:20:00Z,0.092
2026-08-30T20:30:00Z,0.09
2026-08-30T20:40:00Z,0.09
2026-08-30T20:50:00Z,0.09
2026-08-30T21:00:00Z,0.09
2026-08-30T21:10:00Z,0.087
2026-08-30T21:20:00Z,0.087
2026-08-30T21:30:00Z,0.087
2026-08-30T21:40:00Z,0.09
2026-08-30T21:50:00Z,0.087
2026-08-30T22:00:00Z,0.087
2026-08-30T22:10:00Z,0.09
2026-08-30T22:20:00Z,0.087
2026-08-30T22:30:00Z,0.087
2026-08-30T22:40:00Z,0.087
2026-08-30T22:50:00Z,0.082
2026-08-30T23:00:00Z,0.087
2026-08-30T23:10:00Z,0.087
2026-08-30T23:20:00Z,0.087
2026-08-30T23:30:00Z,0.083
2026-08-30T23:40:00Z,0.087
2026-08-30T23:50:00Z,0.083
2026-08-31T00:00:00Z,0.087
2026-08-31T00:10:00Z,0.083
2026-08-31T00:20:00Z,0.083
2026-08-31T00:30:00Z,0.086
2026-08-31T00:40:00Z,0.083
2026-08-31T00:50:00Z,0.087
2026-08-31T01:00:00Z,0.087
2026-08-31T01:10:00Z,0.087
2026-08-31T01:20:00Z,0.083
2026-08-31T01:30:00Z,0.087
2026-08-31T01:40:00Z,0.087
2026-08-31T01:50:00Z,0.086
2026-08-31T02:00:00Z,0.086
2026-08-31T02:10:00Z,0.083
2026-08-31T02:20:00Z,0.083
2026-08-31T02:30:00Z,0.086
2026-08-31T02:40:00Z,0.083
2026-08-31T02:50:00Z,0.087
2026-08-31T03:00:00Z,0.087
2026-08-31T03:10:00Z,0.082
2026-08-31T03:20:00Z,0.087
2026-08-31T03:30:00Z,0.087
2026-08-31T03:40:00Z,0.086
2026-08-31T03:50:00Z,0.083
2026-08-31T04:00:00Z,0.086
2026-08-31T04:10:00Z,0.087
2026-08-31T04:20:00Z,0.087
2026-08-31T04:30:00Z,0.086
2026-08-31T04:40:00Z,0.087
2026-08-31T04:50:00Z,0.087
2026-08-31T05:00:00Z,0.082
2026-08-31T05:10:00Z,0.083
2026-08-31T05:20:00Z,0.083
2026-08-31T05:30:00Z,0.087
2026-08-31T05:40:00Z,0.087
2026-08-31T05:50:00Z,0.087
2026-08-31T06:00:00Z,0.086
2026-08-31T06:10:00Z,0.083
2026-08-31T06:20:00Z,0.09
2026-08-31T06:30:00Z,0.087
2026-08-31T06:40:00Z,0.083
2026-08-31T06:50:00Z,0.087
2026-08-31T07:00:00Z,0.09
2026-08-31T07:10:00Z,0.087
2026-08-31T07:20:00Z,0.085
2026-08-31T07:30:00Z,0.087
2026-08-31T07:40:00Z,0.085
2026-08-31T07:50:00Z,0.089
2026-08-31T08:00:00Z,0.085
2026-08-31T08:10:00Z,0.087
2026-08-31T08:20:00Z,0.087
2026-08-31T08:30:00Z,0.087
2026-08-31T08:40:00Z,0.09
2026-08-31T08:50:00Z,0.076
2026-08-31T09:00:00Z,0.074
2026-08-31T09:10:00Z,0.085
2026-08-31T09:20:00Z,0.09
2026-08-31T09:30:00Z,0.085
2026-08-31T09:40:00Z,0.081
2026-08-31T09:50:00Z,0.09
2026-08-31T10:00:00Z,0.083
2026-08-31T10:10:00Z,0.086
2026-08-31T10:20:00Z,0.09
2026-08-31T10:30:00Z,0.09
2026-08-31T10:40:00Z,0.092
2026-08-31T11:03:20Z,0.09
2026-08-31T11:10:00Z,0.089
2026-08-31T11:20:00Z,0.092
2026-08-31T11:30:00Z,0.085
2026-08-31T11:40:00Z,0.09
2026-08-31T11:50:00Z,0.09
2026-08-31T12:00:00Z,0.09
2026-08-31T12:10:00Z,0.09
2026-08-31T12:20:00Z,0.086
2026-08-31T12:30:00Z,0.092
2026-08-31T12:40:00Z,0.09
2026-08-31T12:50:00Z,0.085
2026-08-31T13:00:00Z,0.076
2026-08-31T13:10:00Z,0.09
2026-08-31T13:20:00Z,0.086
2026-08-31T13:30:00Z,0.085
2026-08-31T13:40:00Z,0.072
2026-08-31T13:50:00Z,0.072
2026-08-31T14:00:00Z,0.072
2026-08-31T14:10:00Z,0.085
2026-08-31T14:20:00Z,0.071
2026-08-31T14:30:00Z,0.085
2026-08-31T14:40:00Z,0.085
2026-08-31T14:50:00Z,0.073
2026-08-31T15:00:00Z,0.085
2026-08-31T15:10:00Z,0.065
2026-08-31T15:20:00Z,0.085
2026-08-31T15:30:00Z,0.081
2026-08-31T15:40:00Z,0.083
2026-08-31T15:50:00Z,0.083
2026-08-31T16:00:00Z,0.08
2026-08-31T16:10:00Z,0.083
2026-08-31T16:20:00Z,0.085
2026-08-31T16:30:00Z,0.077
2026-08-31T16:40:00Z,0.081
2026-08-31T16:50:00Z,0.076
2026-08-31T17:00:00Z,0.082
2026-08-31T17:10:00Z,0.081
2026-08-31T17:20:00Z,0.081
2026-08-31T17:30:00Z,0.082
2026-08-31T17:40:00Z,0.08
2026-08-31T17:50:00Z,0.065
2026-08-31T18:00:00Z,0.077
2026-08-31T18:10:00Z,0.077
2026-08-31T18:20:00Z,0.08
2026-08-31T18:30:00Z,0.081
2026-08-31T18:40:00Z,0.08
2026-08-31T18:50:00Z,0.081
2026-08-31T19:00:00Z,0.077
2026-08-31T19:10:00Z,0.08
2026-08-31T19:20:00Z,0.081
2026-08-31T19:30:00Z,0.08
2026-08-31T19:40:00Z,0.081
2026-08-31T19:50:00Z,0.078
2026-08-31T20:00:00Z,0.08
2026-08-31T20:10:00Z,0.078
2026-08-31T20:20:00Z,0.078
2026-08-31T20:30:00Z,0.078
2026-08-31T20:40:00Z,0.077
2026-08-31T20:50:00Z,0.078
2026-08-31T21:00:00Z,0.076
2026-08-31T21:10:00Z,0.077
2026-08-31T21:20:00Z,0.078
2026-08-31T21:30:00Z,0.078
2026-08-31T21:40:00Z,0.077
2026-08-31T21:50:00Z,0.078
2026-08-31T22:00:00Z,0.077
2026-08-31T22:10:00Z,0.077
2026-08-31T22:20:00Z,0.078
2026-08-31T22:30:00Z,0.074
2026-08-31T22:40:00Z,0.074
2026-08-31T22:50:00Z,0.077
2026-08-31T23:00:00Z,0.077
2026-08-31T23:10:00Z,0.074
2026-08-31T23:20:00Z,0.074
2026-08-31T23:30:00Z,0.078
2026-08-31T23:40:00Z,0.074
2026-08-31T23:50:00Z,0.078
